{"cameraMode":{"drawMode":0,"name":"Shaded","section":"Shading Mode"},"sceneLighting":true,"audioPlay":false,"sceneViewState":{"m_AlwaysRefresh":false,"showFog":true,"showSkybox":true,"showFlares":true,"showImageEffects":true,"showParticleSystems":true,"showVisualEffectGraphs":true,"m_FxEnabled":true},"in2DMode":false,"pivot":{"x":32.050106048583987,"y":3.214421272277832,"z":-24.445507049560548},"rotation":{"x":0.10629574954509735,"y":0.24206393957138062,"z":-0.026677709072828294,"w":0.9640879034996033},"size":1.8866426944732667,"orthographic":false}