{"cameraMode":{"drawMode":0,"name":"Shaded","section":"Shading Mode"},"sceneLighting":true,"audioPlay":false,"sceneViewState":{"m_AlwaysRefresh":false,"showFog":true,"showSkybox":true,"showFlares":true,"showImageEffects":true,"showParticleSystems":true,"showVisualEffectGraphs":true,"m_FxEnabled":true},"in2DMode":false,"pivot":{"x":36.96916580200195,"y":1.7699999809265137,"z":-25.670000076293947},"rotation":{"x":-0.22893019020557404,"y":0.0516599677503109,"z":-0.01216404139995575,"w":-0.9719995260238648},"size":10.919952392578125,"orthographic":false}